AAA,0.03292874471834881
AAG,0.01858256336137924
AAC,0.028986586633827638
AAT,0.04846730722434021
AGA,0.016206649903031466
AGG,0.012961337944562019
AGC,0.02858248962104844
AGT,0.02020116362242001
ACA,0.004756251336543496
ACG,0.016460316640980452
ACC,0.03034193391391554
ACT,0.01628039023383059
ATA,0.028467454705001807
ATG,0.01606138145135719
ATC,0.0440657468789405
ATT,0.038797737646651086
GAA,0.012178215631475323
GAG,0.006046707125528165
GAC,0.009395992950424375
GAT,0.01751111635486797
GGA,0.0032018051632979627
GGG,0.002122246720398788
GGC,0.008379851192012447
GGT,0.006981734520061057
GCA,0.0013310129709241875
GCG,0.0042474430540295404
GCC,0.008709470470684532
GCT,0.005843183812522583
GTA,0.010222622058682556
GTG,0.005962643148417164
GTC,0.013667770313617628
GTT,0.013674406943389549
CAA,0.015813613939872136
CAG,0.003981240459844703
CAC,0.009458672231603632
CAT,0.022452455921717265
CGA,0.003264484444477218
CGG,0.0027129067700997706
CGC,0.006680873970400631
CGT,0.0070665359004800496
CCA,0.0082744025189697
CCG,0.0010426882774996129
CCC,0.006349042481804574
CCT,0.0019732912521845574
CTA,6.636629771921157e-06
CTG,0.007962480919689405
CTC,0.015027542013553472
CTT,0.01724565116399112
TAA,0.04114636718260318
TAG,0.01080222105876367
TAC,0.018561178665447493
TAT,0.01513888991306015
TGA,0.018913657446667304
TGG,0.014560765719595019
TGC,0.023686131655986608
TGT,0.023368310830242385
TCA,1.4748066159824792e-06
TCG,0.004835890893806549
TCC,0.01722647867798335
TCT,0.010013199519213043
TTA,2.580911577969339e-05
TTG,0.033242878527553074
TTC,0.05101356084683396
TTT,0.05652638797737647
